<?xml version="1.0" encoding="UTF-8" standalone="yes"?>
<addon id="plugin.video.manotoTV"
       name="Manoto TV"
       version="3.0.0"
       provider-name="Sam Hosse (Blue Streaming)">
  <requires>
    <import addon="xbmc.python" version="2.14.0"/>
    <import addon="script.module.beautifulsoup" version="3.2.0"/>
  </requires>
  <extension point="xbmc.python.pluginsource"
            library="default.py">
        <provides>video</provides>
  </extension>
  <extension point="xbmc.addon.metadata">
    <summary>Watch online Manoto TV</summary>
    <description>Thanks to Manoto TV</description>
    <platform>all</platform>
    <language>fa</language>
    <license>GNU GENERAL PUBLIC LICENSE. Version 2, June 1991</license>
    <forum></forum>
    <website></website>
    <email>samhosse@outlook.com</email>
    <source>https://github.com/samhosse/ManotoTV</source>
  </extension>
</addon>
